year,month,category,subcategory,description,amount,population
2015,1,Income,Internal Sources,Rental fees,260,734
2015,2,Income,Internal Sources,Rental fees,222,734
2015,3,Income,Internal Sources,Rental fees,330,734
2015,4,Income,Internal Sources,Rental fees,1425,734
2015,5,Income,Internal Sources,Rental fees,296,734
2015,6,Income,Internal Sources,Rental fees,268,734
2015,7,Income,Internal Sources,Rental fees,2863,734
2015,8,Income,Internal Sources,Rental fees,780,734
2015,9,Income,Internal Sources,Rental fees,450,734
2015,10,Income,Internal Sources,Rental fees,3456,734
2015,11,Income,Internal Sources,Rental fees,540,734
2015,12,Income,Internal Sources,Rental fees,500,734
2015,1,Income,Internal Sources,Interest income,200,734
2015,2,Income,Internal Sources,Interest income,890,734
2015,3,Income,Internal Sources,Interest income,450,734
2015,4,Income,Internal Sources,Interest income,380,734
2015,5,Income,Internal Sources,Interest income,970,734
2015,6,Income,Internal Sources,Interest income,670,734
2015,7,Income,Internal Sources,Interest income,900,734
2015,8,Income,Internal Sources,Interest income,790,734
2015,9,Income,Internal Sources,Interest income,910,734
2015,10,Income,Internal Sources,Interest income,870,734
2015,11,Income,Internal Sources,Interest income,990,734
2015,12,Income,Internal Sources,Interest income,840,734
2015,1,Income,External Sources,Real Property Tax,600,734
2015,2,Income,External Sources,Real Property Tax,700,734
2015,3,Income,External Sources,Real Property Tax,800,734
2015,4,Income,External Sources,Real Property Tax,900,734
2015,5,Income,External Sources,Real Property Tax,1000,734
2015,6,Income,External Sources,Real Property Tax,700,734
2015,7,Income,External Sources,Real Property Tax,600,734
2015,8,Income,External Sources,Real Property Tax,500,734
2015,9,Income,External Sources,Real Property Tax,800,734
2015,10,Income,External Sources,Real Property Tax,700,734
2015,11,Income,External Sources,Real Property Tax,400,734
2015,12,Income,External Sources,Real Property Tax,300,734
2015,1,Income,External Sources,Community Tax,520,734
2015,2,Income,External Sources,Community Tax,0,734
2015,3,Income,External Sources,Community Tax,470,734
2015,4,Income,External Sources,Community Tax,510,734
2015,5,Income,External Sources,Community Tax,0,734
2015,6,Income,External Sources,Community Tax,490,734
2015,7,Income,External Sources,Community Tax,450,734
2015,8,Income,External Sources,Community Tax,530,734
2015,9,Income,External Sources,Community Tax,0,734
2015,10,Income,External Sources,Community Tax,480,734
2015,11,Income,External Sources,Community Tax,460,734
2015,12,Income,External Sources,Community Tax,440,734
2015,1,Income,External Sources,Subsidy from other LGU’s,0,734
2015,2,Income,External Sources,Subsidy from other LGU’s,0,734
2015,3,Income,External Sources,Subsidy from other LGU’s,10000,734
2015,4,Income,External Sources,Subsidy from other LGU’s,0,734
2015,5,Income,External Sources,Subsidy from other LGU’s,0,734
2015,6,Income,External Sources,Subsidy from other LGU’s,0,734
2015,7,Income,External Sources,Subsidy from other LGU’s,0,734
2015,8,Income,External Sources,Subsidy from other LGU’s,1000,734
2015,9,Income,External Sources,Subsidy from other LGU’s,0,734
2015,10,Income,External Sources,Subsidy from other LGU’s,0,734
2015,11,Income,External Sources,Subsidy from other LGU’s,0,734
2015,12,Income,External Sources,Subsidy from other LGU’s,0,734
2015,1,Income,Internal Sources,Clearance & Certification fees,1300,734
2015,2,Income,Internal Sources,Clearance & Certification fees,1150,734
2015,3,Income,Internal Sources,Clearance & Certification fees,1200,734
2015,4,Income,Internal Sources,Clearance & Certification fees,1100,734
2015,5,Income,Internal Sources,Clearance & Certification fees,1400,734
2015,6,Income,Internal Sources,Clearance & Certification fees,1250,734
2015,7,Income,Internal Sources,Clearance & Certification fees,1050,734
2015,8,Income,Internal Sources,Clearance & Certification fees,1350,734
2015,9,Income,Internal Sources,Clearance & Certification fees,1180,734
2015,10,Income,Internal Sources,Clearance & Certification fees,1220,734
2015,11,Income,Internal Sources,Clearance & Certification fees,1000,734
2015,12,Income,Internal Sources,Clearance & Certification fees,970,734
2015,1,Income,Internal Sources,Other business fees/income,3400,734
2015,2,Income,Internal Sources,Other business fees/income,2800,734
2015,3,Income,Internal Sources,Other business fees/income,2900,734
2015,4,Income,Internal Sources,Other business fees/income,2900,734
2015,5,Income,Internal Sources,Other business fees/income,3700,734
2015,6,Income,Internal Sources,Other business fees/income,2950,734
2015,7,Income,Internal Sources,Other business fees/income,3560,734
2015,8,Income,Internal Sources,Other business fees/income,2980,734
2015,9,Income,Internal Sources,Other business fees/income,2400,734
2015,10,Income,Internal Sources,Other business fees/income,3890,734
2015,11,Income,Internal Sources,Other business fees/income,2050,734
2015,12,Income,Internal Sources,Other business fees/income,4677.95,734
2015,1,Income,External Sources,National Tax Allotment,99282.42,734
2015,2,Income,External Sources,National Tax Allotment,99282.42,734
2015,3,Income,External Sources,National Tax Allotment,99282.42,734
2015,4,Income,External Sources,National Tax Allotment,99282.42,734
2015,5,Income,External Sources,National Tax Allotment,99282.42,734
2015,6,Income,External Sources,National Tax Allotment,99282.42,734
2015,7,Income,External Sources,National Tax Allotment,99282.42,734
2015,8,Income,External Sources,National Tax Allotment,99282.42,734
2015,9,Income,External Sources,National Tax Allotment,99282.42,734
2015,10,Income,External Sources,National Tax Allotment,99282.42,734
2015,11,Income,External Sources,National Tax Allotment,99282.42,734
2015,12,Income,External Sources,National Tax Allotment,99282.42,734
2016,1,Income,Internal Sources,Rental fees,600,850
2016,2,Income,Internal Sources,Rental fees,380,850
2016,3,Income,Internal Sources,Rental fees,190,850
2016,4,Income,Internal Sources,Rental fees,0,850
2016,5,Income,Internal Sources,Rental fees,400,850
2016,6,Income,Internal Sources,Rental fees,200,850
2016,7,Income,Internal Sources,Rental fees,0,850
2016,8,Income,Internal Sources,Rental fees,300,850
2016,9,Income,Internal Sources,Rental fees,270,850
2016,10,Income,Internal Sources,Rental fees,500,850
2016,11,Income,Internal Sources,Rental fees,0,850
2016,12,Income,Internal Sources,Rental fees,200,850
2016,1,Income,Internal Sources,Interest income,0,850
2016,2,Income,Internal Sources,Interest income,0,850
2016,3,Income,Internal Sources,Interest income,0,850
2016,4,Income,Internal Sources,Interest income,240,850
2016,5,Income,Internal Sources,Interest income,0,850
2016,6,Income,Internal Sources,Interest income,390,850
2016,7,Income,Internal Sources,Interest income,100,850
2016,8,Income,Internal Sources,Interest income,0,850
2016,9,Income,Internal Sources,Interest income,450,850
2016,10,Income,Internal Sources,Interest income,200,850
2016,11,Income,Internal Sources,Interest income,0,850
2016,12,Income,Internal Sources,Interest income,0,850
2016,1,Income,External Sources,Real Property Tax,920,850
2016,2,Income,External Sources,Real Property Tax,780,850
2016,3,Income,External Sources,Real Property Tax,850,850
2016,4,Income,External Sources,Real Property Tax,960,850
2016,5,Income,External Sources,Real Property Tax,740,850
2016,6,Income,External Sources,Real Property Tax,880,850
2016,7,Income,External Sources,Real Property Tax,810,850
2016,8,Income,External Sources,Real Property Tax,700,850
2016,9,Income,External Sources,Real Property Tax,930,850
2016,10,Income,External Sources,Real Property Tax,860,850
2016,11,Income,External Sources,Real Property Tax,790,850
2016,12,Income,External Sources,Real Property Tax,580,850
2016,1,Income,External Sources,Community Tax,0,850
2016,2,Income,External Sources,Community Tax,1230,850
2016,3,Income,External Sources,Community Tax,0,850
2016,4,Income,External Sources,Community Tax,0,850
2016,5,Income,External Sources,Community Tax,0,850
2016,6,Income,External Sources,Community Tax,300,850
2016,7,Income,External Sources,Community Tax,0,850
2016,8,Income,External Sources,Community Tax,200,850
2016,9,Income,External Sources,Community Tax,0,850
2016,10,Income,External Sources,Community Tax,100,850
2016,11,Income,External Sources,Community Tax,0,850
2016,12,Income,External Sources,Community Tax,100,850
2016,1,Income,External Sources,Subsidy from other LGU’s,0,850
2016,2,Income,External Sources,Subsidy from other LGU’s,0,850
2016,3,Income,External Sources,Subsidy from other LGU’s,10000,850
2016,4,Income,External Sources,Subsidy from other LGU’s,0,850
2016,5,Income,External Sources,Subsidy from other LGU’s,0,850
2016,6,Income,External Sources,Subsidy from other LGU’s,0,850
2016,7,Income,External Sources,Subsidy from other LGU’s,0,850
2016,8,Income,External Sources,Subsidy from other LGU’s,1000,850
2016,9,Income,External Sources,Subsidy from other LGU’s,0,850
2016,10,Income,External Sources,Subsidy from other LGU’s,0,850
2016,11,Income,External Sources,Subsidy from other LGU’s,0,850
2016,12,Income,External Sources,Subsidy from other LGU’s,250,850
2016,1,Income,Internal Sources,Clearance & Certification fees,1500,850
2016,2,Income,Internal Sources,Clearance & Certification fees,1280,850
2016,3,Income,Internal Sources,Clearance & Certification fees,1400,850
2016,4,Income,Internal Sources,Clearance & Certification fees,1600,850
2016,5,Income,Internal Sources,Clearance & Certification fees,1350,850
2016,6,Income,Internal Sources,Clearance & Certification fees,1470,850
2016,7,Income,Internal Sources,Clearance & Certification fees,1200,850
2016,8,Income,Internal Sources,Clearance & Certification fees,1550,850
2016,9,Income,Internal Sources,Clearance & Certification fees,1380,850
2016,10,Income,Internal Sources,Clearance & Certification fees,1420,850
2016,11,Income,Internal Sources,Clearance & Certification fees,1300,850
2016,12,Income,Internal Sources,Clearance & Certification fees,1150,850
2016,1,Income,Internal Sources,Other business fees/income,180,850
2016,2,Income,Internal Sources,Other business fees/income,120,850
2016,3,Income,Internal Sources,Other business fees/income,150,850
2016,4,Income,Internal Sources,Other business fees/income,210,850
2016,5,Income,Internal Sources,Other business fees/income,160,850
2016,6,Income,Internal Sources,Other business fees/income,140,850
2016,7,Income,Internal Sources,Other business fees/income,190,850
2016,8,Income,Internal Sources,Other business fees/income,175,850
2016,9,Income,Internal Sources,Other business fees/income,130,850
2016,10,Income,Internal Sources,Other business fees/income,165,850
2016,11,Income,Internal Sources,Other business fees/income,200,850
2016,12,Income,Internal Sources,Other business fees/income,180,850
2016,1,Income,External Sources,National Tax Allotment,109072.75,850
2016,2,Income,External Sources,National Tax Allotment,109072.75,850
2016,3,Income,External Sources,National Tax Allotment,109072.75,850
2016,4,Income,External Sources,National Tax Allotment,109072.75,850
2016,5,Income,External Sources,National Tax Allotment,109072.75,850
2016,6,Income,External Sources,National Tax Allotment,109072.75,850
2016,7,Income,External Sources,National Tax Allotment,109072.75,850
2016,8,Income,External Sources,National Tax Allotment,109072.75,850
2016,9,Income,External Sources,National Tax Allotment,109072.75,850
2016,10,Income,External Sources,National Tax Allotment,109072.75,850
2016,11,Income,External Sources,National Tax Allotment,109072.75,850
2016,12,Income,External Sources,National Tax Allotment,109072.75,850
2017,1,Income,Internal Sources,Rental fees,301,998
2017,2,Income,Internal Sources,Rental fees,135,998
2017,3,Income,Internal Sources,Rental fees,540,998
2017,4,Income,Internal Sources,Rental fees,390,998
2017,5,Income,Internal Sources,Rental fees,690,998
2017,6,Income,Internal Sources,Rental fees,840,998
2017,7,Income,Internal Sources,Rental fees,390,998
2017,8,Income,Internal Sources,Rental fees,558,998
2017,9,Income,Internal Sources,Rental fees,240,998
2017,10,Income,Internal Sources,Rental fees,230,998
2017,11,Income,Internal Sources,Rental fees,160,998
2017,12,Income,Internal Sources,Rental fees,250,998
2017,1,Income,Internal Sources,Interest income,150,998
2017,2,Income,Internal Sources,Interest income,100,998
2017,3,Income,Internal Sources,Interest income,400,998
2017,4,Income,Internal Sources,Interest income,340,998
2017,5,Income,Internal Sources,Interest income,200,998
2017,6,Income,Internal Sources,Interest income,570,998
2017,7,Income,Internal Sources,Interest income,890,998
2017,8,Income,Internal Sources,Interest income,900,998
2017,9,Income,Internal Sources,Interest income,950,998
2017,10,Income,Internal Sources,Interest income,980,998
2017,11,Income,Internal Sources,Interest income,890,998
2017,12,Income,Internal Sources,Interest income,300,998
2017,1,Income,External Sources,Real Property Tax,241,998
2017,2,Income,External Sources,Real Property Tax,1030,998
2017,3,Income,External Sources,Real Property Tax,980,998
2017,4,Income,External Sources,Real Property Tax,750,998
2017,5,Income,External Sources,Real Property Tax,800,998
2017,6,Income,External Sources,Real Property Tax,1050,998
2017,7,Income,External Sources,Real Property Tax,800,998
2017,8,Income,External Sources,Real Property Tax,1460,998
2017,9,Income,External Sources,Real Property Tax,900,998
2017,10,Income,External Sources,Real Property Tax,760,998
2017,11,Income,External Sources,Real Property Tax,800,998
2017,12,Income,External Sources,Real Property Tax,122,998
2017,1,Income,External Sources,Community Tax,0,998
2017,2,Income,External Sources,Community Tax,540,998
2017,3,Income,External Sources,Community Tax,0,998
2017,4,Income,External Sources,Community Tax,0,998
2017,5,Income,External Sources,Community Tax,890,998
2017,6,Income,External Sources,Community Tax,0,998
2017,7,Income,External Sources,Community Tax,0,998
2017,8,Income,External Sources,Community Tax,0,998
2017,9,Income,External Sources,Community Tax,680,998
2017,10,Income,External Sources,Community Tax,0,998
2017,11,Income,External Sources,Community Tax,0,998
2017,12,Income,External Sources,Community Tax,0,998
2017,1,Income,External Sources,Subsidy from other LGU’s,0,998
2017,2,Income,External Sources,Subsidy from other LGU’s,0,998
2017,3,Income,External Sources,Subsidy from other LGU’s,0,998
2017,4,Income,External Sources,Subsidy from other LGU’s,0,998
2017,5,Income,External Sources,Subsidy from other LGU’s,0,998
2017,6,Income,External Sources,Subsidy from other LGU’s,20000,998
2017,7,Income,External Sources,Subsidy from other LGU’s,0,998
2017,8,Income,External Sources,Subsidy from other LGU’s,0,998
2017,9,Income,External Sources,Subsidy from other LGU’s,0,998
2017,10,Income,External Sources,Subsidy from other LGU’s,0,998
2017,11,Income,External Sources,Subsidy from other LGU’s,0,998
2017,12,Income,External Sources,Subsidy from other LGU’s,0,998
2017,1,Income,Internal Sources,Clearance & Certification fees,650,998
2017,2,Income,Internal Sources,Clearance & Certification fees,800,998
2017,3,Income,Internal Sources,Clearance & Certification fees,500,998
2017,4,Income,Internal Sources,Clearance & Certification fees,330,998
2017,5,Income,Internal Sources,Clearance & Certification fees,627,998
2017,6,Income,Internal Sources,Clearance & Certification fees,870,998
2017,7,Income,Internal Sources,Clearance & Certification fees,960,998
2017,8,Income,Internal Sources,Clearance & Certification fees,206,998
2017,9,Income,Internal Sources,Clearance & Certification fees,900,998
2017,10,Income,Internal Sources,Clearance & Certification fees,100,998
2017,11,Income,Internal Sources,Clearance & Certification fees,300,998
2017,12,Income,Internal Sources,Clearance & Certification fees,500,998
2017,1,Income,Internal Sources,Other business fees/income,920,998
2017,2,Income,Internal Sources,Other business fees/income,210,998
2017,3,Income,Internal Sources,Other business fees/income,320,998
2017,4,Income,Internal Sources,Other business fees/income,260,998
2017,5,Income,Internal Sources,Other business fees/income,1120,998
2017,6,Income,Internal Sources,Other business fees/income,60,998
2017,7,Income,Internal Sources,Other business fees/income,1540,998
2017,8,Income,Internal Sources,Other business fees/income,310,998
2017,9,Income,Internal Sources,Other business fees/income,0,998
2017,10,Income,Internal Sources,Other business fees/income,30,998
2017,11,Income,Internal Sources,Other business fees/income,230,998
2017,12,Income,Internal Sources,Other business fees/income,60,998
2017,1,Income,External Sources,National Tax Allotment,112556,998
2017,2,Income,External Sources,National Tax Allotment,112556,998
2017,3,Income,External Sources,National Tax Allotment,112556,998
2017,4,Income,External Sources,National Tax Allotment,112556,998
2017,5,Income,External Sources,National Tax Allotment,112556,998
2017,6,Income,External Sources,National Tax Allotment,112556,998
2017,7,Income,External Sources,National Tax Allotment,112556,998
2017,8,Income,External Sources,National Tax Allotment,112556,998
2017,9,Income,External Sources,National Tax Allotment,112556,998
2017,10,Income,External Sources,National Tax Allotment,112556,998
2017,11,Income,External Sources,National Tax Allotment,112556,998
2017,12,Income,External Sources,National Tax Allotment,112556,998
2018,1,Income,Internal Sources,Rental fees,540,1051
2018,2,Income,Internal Sources,Rental fees,970,1051
2018,3,Income,Internal Sources,Rental fees,920,1051
2018,4,Income,Internal Sources,Rental fees,650,1051
2018,5,Income,Internal Sources,Rental fees,230,1051
2018,6,Income,Internal Sources,Rental fees,350,1051
2018,7,Income,Internal Sources,Rental fees,1203,1051
2018,8,Income,Internal Sources,Rental fees,560,1051
2018,9,Income,Internal Sources,Rental fees,620,1051
2018,10,Income,Internal Sources,Rental fees,890,1051
2018,11,Income,Internal Sources,Rental fees,280,1051
2018,12,Income,Internal Sources,Rental fees,940,1051
2018,1,Income,Internal Sources,Interest income,0,1051
2018,2,Income,Internal Sources,Interest income,0,1051
2018,3,Income,Internal Sources,Interest income,590,1051
2018,4,Income,Internal Sources,Interest income,0,1051
2018,5,Income,Internal Sources,Interest income,0,1051
2018,6,Income,Internal Sources,Interest income,540,1051
2018,7,Income,Internal Sources,Interest income,950,1051
2018,8,Income,Internal Sources,Interest income,0,1051
2018,9,Income,Internal Sources,Interest income,0,1051
2018,10,Income,Internal Sources,Interest income,980,1051
2018,11,Income,Internal Sources,Interest income,0,1051
2018,12,Income,Internal Sources,Interest income,0,1051
2018,1,Income,External Sources,Real Property Tax,900,1051
2018,2,Income,External Sources,Real Property Tax,850,1051
2018,3,Income,External Sources,Real Property Tax,1000,1051
2018,4,Income,External Sources,Real Property Tax,1200,1051
2018,5,Income,External Sources,Real Property Tax,950,1051
2018,6,Income,External Sources,Real Property Tax,870,1051
2018,7,Income,External Sources,Real Property Tax,1100,1051
2018,8,Income,External Sources,Real Property Tax,760,1051
2018,9,Income,External Sources,Real Property Tax,980,1051
2018,10,Income,External Sources,Real Property Tax,890,1051
2018,11,Income,External Sources,Real Property Tax,1020,1051
2018,12,Income,External Sources,Real Property Tax,480,1051
2018,1,Income,External Sources,Community Tax,0,1051
2018,2,Income,External Sources,Community Tax,790,1051
2018,3,Income,External Sources,Community Tax,0,1051
2018,4,Income,External Sources,Community Tax,580,1051
2018,5,Income,External Sources,Community Tax,800,1051
2018,6,Income,External Sources,Community Tax,0,1051
2018,7,Income,External Sources,Community Tax,645,1051
2018,8,Income,External Sources,Community Tax,680,1051
2018,9,Income,External Sources,Community Tax,0,1051
2018,10,Income,External Sources,Community Tax,0,1051
2018,11,Income,External Sources,Community Tax,300,1051
2018,12,Income,External Sources,Community Tax,0,1051
2018,1,Income,External Sources,Subsidy from other LGU’s,0,1051
2018,2,Income,External Sources,Subsidy from other LGU’s,0,1051
2018,3,Income,External Sources,Subsidy from other LGU’s,0,1051
2018,4,Income,External Sources,Subsidy from other LGU’s,0,1051
2018,5,Income,External Sources,Subsidy from other LGU’s,25000,1051
2018,6,Income,External Sources,Subsidy from other LGU’s,0,1051
2018,7,Income,External Sources,Subsidy from other LGU’s,0,1051
2018,8,Income,External Sources,Subsidy from other LGU’s,0,1051
2018,9,Income,External Sources,Subsidy from other LGU’s,0,1051
2018,10,Income,External Sources,Subsidy from other LGU’s,0,1051
2018,11,Income,External Sources,Subsidy from other LGU’s,0,1051
2018,12,Income,External Sources,Subsidy from other LGU’s,0,1051
2018,1,Income,Internal Sources,Clearance & Certification fees,970,1051
2018,2,Income,Internal Sources,Clearance & Certification fees,540,1051
2018,3,Income,Internal Sources,Clearance & Certification fees,650,1051
2018,4,Income,Internal Sources,Clearance & Certification fees,290,1051
2018,5,Income,Internal Sources,Clearance & Certification fees,500,1051
2018,6,Income,Internal Sources,Clearance & Certification fees,630,1051
2018,7,Income,Internal Sources,Clearance & Certification fees,620,1051
2018,8,Income,Internal Sources,Clearance & Certification fees,230,1051
2018,9,Income,Internal Sources,Clearance & Certification fees,420,1051
2018,10,Income,Internal Sources,Clearance & Certification fees,230,1051
2018,11,Income,Internal Sources,Clearance & Certification fees,490,1051
2018,12,Income,Internal Sources,Clearance & Certification fees,199,1051
2018,1,Income,Internal Sources,Other business fees/income,210,1051
2018,2,Income,Internal Sources,Other business fees/income,980,1051
2018,3,Income,Internal Sources,Other business fees/income,560,1051
2018,4,Income,Internal Sources,Other business fees/income,66.4,1051
2018,5,Income,Internal Sources,Other business fees/income,250,1051
2018,6,Income,Internal Sources,Other business fees/income,620,1051
2018,7,Income,Internal Sources,Other business fees/income,360,1051
2018,8,Income,Internal Sources,Other business fees/income,160,1051
2018,9,Income,Internal Sources,Other business fees/income,92.8,1051
2018,10,Income,Internal Sources,Other business fees/income,210,1051
2018,11,Income,Internal Sources,Other business fees/income,650,1051
2018,12,Income,Internal Sources,Other business fees/income,63.4,1051
2018,1,Income,External Sources,National Tax Allotment,120745.83,1051
2018,2,Income,External Sources,National Tax Allotment,120745.83,1051
2018,3,Income,External Sources,National Tax Allotment,120745.83,1051
2018,4,Income,External Sources,National Tax Allotment,120745.83,1051
2018,5,Income,External Sources,National Tax Allotment,120745.83,1051
2018,6,Income,External Sources,National Tax Allotment,120745.83,1051
2018,7,Income,External Sources,National Tax Allotment,120745.83,1051
2018,8,Income,External Sources,National Tax Allotment,120745.83,1051
2018,9,Income,External Sources,National Tax Allotment,120745.83,1051
2018,10,Income,External Sources,National Tax Allotment,120745.83,1051
2018,11,Income,External Sources,National Tax Allotment,120745.83,1051
2018,12,Income,External Sources,National Tax Allotment,120745.83,1051
2019,1,Income,Internal Sources,Rental fees,980,1066
2019,2,Income,Internal Sources,Rental fees,"1,460",1066
2019,3,Income,Internal Sources,Rental fees,"1,120",1066
2019,4,Income,Internal Sources,Rental fees,"1,380",1066
2019,5,Income,Internal Sources,Rental fees,"1,620",1066
2019,6,Income,Internal Sources,Rental fees,740,1066
2019,7,Income,Internal Sources,Rental fees,860,1066
2019,8,Income,Internal Sources,Rental fees,"1,520",1066
2019,9,Income,Internal Sources,Rental fees,910,1066
2019,10,Income,Internal Sources,Rental fees,"1,050",1066
2019,11,Income,Internal Sources,Rental fees,240,1066
2019,12,Income,Internal Sources,Rental fees,120,1066
2019,1,Income,Internal Sources,Interest income,0,1066
2019,2,Income,Internal Sources,Interest income,340,1066
2019,3,Income,Internal Sources,Interest income,0,1066
2019,4,Income,Internal Sources,Interest income,130,1066
2019,5,Income,Internal Sources,Interest income,0,1066
2019,6,Income,Internal Sources,Interest income,0,1066
2019,7,Income,Internal Sources,Interest income,0,1066
2019,8,Income,Internal Sources,Interest income,410,1066
2019,9,Income,Internal Sources,Interest income,0,1066
2019,10,Income,Internal Sources,Interest income,0,1066
2019,11,Income,Internal Sources,Interest income,120,1066
2019,12,Income,Internal Sources,Interest income,0,1066
2019,1,Income,External Sources,Real Property Tax,"1,420",1066
2019,2,Income,External Sources,Real Property Tax,"1,760",1066
2019,3,Income,External Sources,Real Property Tax,980,1066
2019,4,Income,External Sources,Real Property Tax,"1,360",1066
2019,5,Income,External Sources,Real Property Tax,840,1066
2019,6,Income,External Sources,Real Property Tax,"1,620",1066
2019,7,Income,External Sources,Real Property Tax,710,1066
2019,8,Income,External Sources,Real Property Tax,570,1066
2019,9,Income,External Sources,Real Property Tax,"1,230",1066
2019,10,Income,External Sources,Real Property Tax,890,1066
2019,11,Income,External Sources,Real Property Tax,"1,150",1066
2019,12,Income,External Sources,Real Property Tax,470,1066
2019,1,Income,External Sources,Community Tax,780,1066
2019,2,Income,External Sources,Community Tax,0,1066
2019,3,Income,External Sources,Community Tax,0,1066
2019,4,Income,External Sources,Community Tax,"1,420",1066
2019,5,Income,External Sources,Community Tax,0,1066
2019,6,Income,External Sources,Community Tax,"1,260",1066
2019,7,Income,External Sources,Community Tax,0,1066
2019,8,Income,External Sources,Community Tax,0,1066
2019,9,Income,External Sources,Community Tax,0,1066
2019,10,Income,External Sources,Community Tax,"1,040",1066
2019,11,Income,External Sources,Community Tax,0,1066
2019,12,Income,External Sources,Community Tax,0,1066
2019,1,Income,External Sources,Subsidy from other LGU’s,0,1066
2019,2,Income,External Sources,Subsidy from other LGU’s,0,1066
2019,3,Income,External Sources,Subsidy from other LGU’s,0,1066
2019,4,Income,External Sources,Subsidy from other LGU’s,0,1066
2019,5,Income,External Sources,Subsidy from other LGU’s,0,1066
2019,6,Income,External Sources,Subsidy from other LGU’s,20000,1066
2019,7,Income,External Sources,Subsidy from other LGU’s,0,1066
2019,8,Income,External Sources,Subsidy from other LGU’s,0,1066
2019,9,Income,External Sources,Subsidy from other LGU’s,0,1066
2019,10,Income,External Sources,Subsidy from other LGU’s,0,1066
2019,11,Income,External Sources,Subsidy from other LGU’s,0,1066
2019,12,Income,External Sources,Subsidy from other LGU’s,0,1066
2019,1,Income,Internal Sources,Clearance & Certification fees,820,1066
2019,2,Income,Internal Sources,Clearance & Certification fees,"1,140",1066
2019,3,Income,Internal Sources,Clearance & Certification fees,760,1066
2019,4,Income,Internal Sources,Clearance & Certification fees,980,1066
2019,5,Income,Internal Sources,Clearance & Certification fees,"1,260",1066
2019,6,Income,Internal Sources,Clearance & Certification fees,480,1066
2019,7,Income,Internal Sources,Clearance & Certification fees,540,1066
2019,8,Income,Internal Sources,Clearance & Certification fees,"1,320",1066
2019,9,Income,Internal Sources,Clearance & Certification fees,600,1066
2019,10,Income,Internal Sources,Clearance & Certification fees,700,1066
2019,11,Income,Internal Sources,Clearance & Certification fees,"1,100",1066
2019,12,Income,Internal Sources,Clearance & Certification fees,300,1066
2019,1,Income,Internal Sources,Other business fees/income,310,1066
2019,2,Income,Internal Sources,Other business fees/income,0,1066
2019,3,Income,Internal Sources,Other business fees/income,90,1066
2019,4,Income,Internal Sources,Other business fees/income,320,1066
2019,5,Income,Internal Sources,Other business fees/income,270,1066
2019,6,Income,Internal Sources,Other business fees/income,330,1066
2019,7,Income,Internal Sources,Other business fees/income,0,1066
2019,8,Income,Internal Sources,Other business fees/income,200,1066
2019,9,Income,Internal Sources,Other business fees/income,350,1066
2019,10,Income,Internal Sources,Other business fees/income,300,1066
2019,11,Income,Internal Sources,Other business fees/income,0,1066
2019,12,Income,Internal Sources,Other business fees/income,130,1066
2019,1,Income,External Sources,National Tax Allotment,132695.92,1066
2019,2,Income,External Sources,National Tax Allotment,132695.92,1066
2019,3,Income,External Sources,National Tax Allotment,132695.92,1066
2019,4,Income,External Sources,National Tax Allotment,132695.92,1066
2019,5,Income,External Sources,National Tax Allotment,132695.92,1066
2019,6,Income,External Sources,National Tax Allotment,132695.92,1066
2019,7,Income,External Sources,National Tax Allotment,132695.92,1066
2019,8,Income,External Sources,National Tax Allotment,132695.92,1066
2019,9,Income,External Sources,National Tax Allotment,132695.92,1066
2019,10,Income,External Sources,National Tax Allotment,132695.92,1066
2019,11,Income,External Sources,National Tax Allotment,132695.92,1066
2019,12,Income,External Sources,National Tax Allotment,132695.92,1066
2020,1,Income,Internal Sources,Rental fees,950,1100
2020,2,Income,Internal Sources,Rental fees,880,1100
2020,3,Income,Internal Sources,Rental fees,1020,1100
2020,4,Income,Internal Sources,Rental fees,1100,1100
2020,5,Income,Internal Sources,Rental fees,990,1100
2020,6,Income,Internal Sources,Rental fees,870,1100
2020,7,Income,Internal Sources,Rental fees,1050,1100
2020,8,Income,Internal Sources,Rental fees,920,1100
2020,9,Income,Internal Sources,Rental fees,1130,1100
2020,10,Income,Internal Sources,Rental fees,980,1100
2020,11,Income,Internal Sources,Rental fees,1040,1100
2020,12,Income,Internal Sources,Rental fees,1070,1100
2020,1,Income,Internal Sources,Interest income,120,1100
2020,2,Income,Internal Sources,Interest income,0,1100
2020,3,Income,Internal Sources,Interest income,95,1100
2020,4,Income,Internal Sources,Interest income,110,1100
2020,5,Income,Internal Sources,Interest income,85,1100
2020,6,Income,Internal Sources,Interest income,140,1100
2020,7,Income,Internal Sources,Interest income,0,1100
2020,8,Income,Internal Sources,Interest income,130,1100
2020,9,Income,Internal Sources,Interest income,115,1100
2020,10,Income,Internal Sources,Interest income,0,1100
2020,11,Income,Internal Sources,Interest income,90,1100
2020,12,Income,Internal Sources,Interest income,115,1100
2020,1,Income,External Sources,Real Property Tax,1150,1100
2020,2,Income,External Sources,Real Property Tax,980,1100
2020,3,Income,External Sources,Real Property Tax,1220,1100
2020,4,Income,External Sources,Real Property Tax,1350,1100
2020,5,Income,External Sources,Real Property Tax,1090,1100
2020,6,Income,External Sources,Real Property Tax,1040,1100
2020,7,Income,External Sources,Real Property Tax,1280,1100
2020,8,Income,External Sources,Real Property Tax,960,1100
2020,9,Income,External Sources,Real Property Tax,400,1100
2020,10,Income,External Sources,Real Property Tax,1120,1100
2020,11,Income,External Sources,Real Property Tax,1250,1100
2020,12,Income,External Sources,Real Property Tax,1160,1100
2020,1,Income,External Sources,Community Tax,620,1100
2020,2,Income,External Sources,Community Tax,0,1100
2020,3,Income,External Sources,Community Tax,750,1100
2020,4,Income,External Sources,Community Tax,0,1100
2020,5,Income,External Sources,Community Tax,690,1100
2020,6,Income,External Sources,Community Tax,410,1100
2020,7,Income,External Sources,Community Tax,480,1100
2020,8,Income,External Sources,Community Tax,850,1100
2020,9,Income,External Sources,Community Tax,0,1100
2020,10,Income,External Sources,Community Tax,660,1100
2020,11,Income,External Sources,Community Tax,0,1100
2020,12,Income,External Sources,Community Tax,540,1100
2020,1,Income,External Sources,Subsidy from other LGU’s,0,1100
2020,2,Income,External Sources,Subsidy from other LGU’s,0,1100
2020,3,Income,External Sources,Subsidy from other LGU’s,0,1100
2020,4,Income,External Sources,Subsidy from other LGU’s,0,1100
2020,5,Income,External Sources,Subsidy from other LGU’s,0,1100
2020,6,Income,External Sources,Subsidy from other LGU’s,0,1100
2020,7,Income,External Sources,Subsidy from other LGU’s,20000,1100
2020,8,Income,External Sources,Subsidy from other LGU’s,0,1100
2020,9,Income,External Sources,Subsidy from other LGU’s,0,1100
2020,10,Income,External Sources,Subsidy from other LGU’s,0,1100
2020,11,Income,External Sources,Subsidy from other LGU’s,0,1100
2020,12,Income,External Sources,Subsidy from other LGU’s,0,1100
2020,1,Income,Internal Sources,Clearance & Certification fees,0,1100
2020,2,Income,Internal Sources,Clearance & Certification fees,980,1100
2020,3,Income,Internal Sources,Clearance & Certification fees,"1,120",1100
2020,4,Income,Internal Sources,Clearance & Certification fees,760,1100
2020,5,Income,Internal Sources,Clearance & Certification fees,1190,1100
2020,6,Income,Internal Sources,Clearance & Certification fees,"1,380",1100
2020,7,Income,Internal Sources,Clearance & Certification fees,890,1100
2020,8,Income,Internal Sources,Clearance & Certification fees,"1,270",1100
2020,9,Income,Internal Sources,Clearance & Certification fees,670,1100
2020,10,Income,Internal Sources,Clearance & Certification fees,"1,110",1100
2020,11,Income,Internal Sources,Clearance & Certification fees,590,1100
2020,12,Income,Internal Sources,Clearance & Certification fees,"1,040",1100
2020,1,Income,Internal Sources,Other business fees/income,320,1100
2020,2,Income,Internal Sources,Other business fees/income,410,1100
2020,3,Income,Internal Sources,Other business fees/income,0,1100
2020,4,Income,Internal Sources,Other business fees/income,360,1100
2020,5,Income,Internal Sources,Other business fees/income,0,1100
2020,6,Income,Internal Sources,Other business fees/income,390,1100
2020,7,Income,Internal Sources,Other business fees/income,270,1100
2020,8,Income,Internal Sources,Other business fees/income,0,1100
2020,9,Income,Internal Sources,Other business fees/income,500,1100
2020,10,Income,Internal Sources,Other business fees/income,0,1100
2020,11,Income,Internal Sources,Other business fees/income,240,1100
2020,12,Income,Internal Sources,Other business fees/income,510,1100
2020,1,Income,External Sources,National Tax Allotment,150891.67,1100
2020,2,Income,External Sources,National Tax Allotment,150891.67,1100
2020,3,Income,External Sources,National Tax Allotment,150891.67,1100
2020,4,Income,External Sources,National Tax Allotment,150891.67,1100
2020,5,Income,External Sources,National Tax Allotment,150891.67,1100
2020,6,Income,External Sources,National Tax Allotment,150891.67,1100
2020,7,Income,External Sources,National Tax Allotment,150891.67,1100
2020,8,Income,External Sources,National Tax Allotment,150891.67,1100
2020,9,Income,External Sources,National Tax Allotment,150891.67,1100
2020,10,Income,External Sources,National Tax Allotment,150891.67,1100
2020,11,Income,External Sources,National Tax Allotment,150891.67,1100
2020,12,Income,External Sources,National Tax Allotment,150891.67,1100
2021,1,Income,Internal Sources,Rental fees,900,1121
2021,2,Income,Internal Sources,Rental fees,1650,1121
2021,3,Income,Internal Sources,Rental fees,600,1121
2021,4,Income,Internal Sources,Rental fees,1200,1121
2021,5,Income,Internal Sources,Rental fees,479,1121
2021,6,Income,Internal Sources,Rental fees,530,1121
2021,7,Income,Internal Sources,Rental fees,400,1121
2021,8,Income,Internal Sources,Rental fees,1300,1121
2021,9,Income,Internal Sources,Rental fees,0,1121
2021,10,Income,Internal Sources,Rental fees,1505,1121
2021,11,Income,Internal Sources,Rental fees,0,1121
2021,12,Income,Internal Sources,Rental fees,0,1121
2021,1,Income,Internal Sources,Interest income,0,1121
2021,2,Income,Internal Sources,Interest income,0,1121
2021,3,Income,Internal Sources,Interest income,190,1121
2021,4,Income,Internal Sources,Interest income,0,1121
2021,5,Income,Internal Sources,Interest income,0,1121
2021,6,Income,Internal Sources,Interest income,210,1121
2021,7,Income,Internal Sources,Interest income,0,1121
2021,8,Income,Internal Sources,Interest income,0,1121
2021,9,Income,Internal Sources,Interest income,0,1121
2021,10,Income,Internal Sources,Interest income,0,1121
2021,11,Income,Internal Sources,Interest income,0,1121
2021,12,Income,Internal Sources,Interest income,140,1121
2021,1,Income,External Sources,Real Property Tax,1200,1121
2021,2,Income,External Sources,Real Property Tax,950,1121
2021,3,Income,External Sources,Real Property Tax,1100,1121
2021,4,Income,External Sources,Real Property Tax,1350,1121
2021,5,Income,External Sources,Real Property Tax,1020,1121
2021,6,Income,External Sources,Real Property Tax,2900,1121
2021,7,Income,External Sources,Real Property Tax,1250,1121
2021,8,Income,External Sources,Real Property Tax,890,1121
2021,9,Income,External Sources,Real Property Tax,1450,1121
2021,10,Income,External Sources,Real Property Tax,1180,1121
2021,11,Income,External Sources,Real Property Tax,1136,1121
2021,12,Income,External Sources,Real Property Tax,1470,1121
2021,1,Income,External Sources,Community Tax,820,1121
2021,2,Income,External Sources,Community Tax,760,1121
2021,3,Income,External Sources,Community Tax,0,1121
2021,4,Income,External Sources,Community Tax,940,1121
2021,5,Income,External Sources,Community Tax,680,1121
2021,6,Income,External Sources,Community Tax,900,1121
2021,7,Income,External Sources,Community Tax,900,1121
2021,8,Income,External Sources,Community Tax,0,1121
2021,9,Income,External Sources,Community Tax,0,1121
2021,10,Income,External Sources,Community Tax,0,1121
2021,11,Income,External Sources,Community Tax,0,1121
2021,12,Income,External Sources,Community Tax,0,1121
2021,1,Income,External Sources,Subsidy from other LGU’s,0,1121
2021,2,Income,External Sources,Subsidy from other LGU’s,0,1121
2021,3,Income,External Sources,Subsidy from other LGU’s,20000,1121
2021,4,Income,External Sources,Subsidy from other LGU’s,0,1121
2021,5,Income,External Sources,Subsidy from other LGU’s,0,1121
2021,6,Income,External Sources,Subsidy from other LGU’s,0,1121
2021,7,Income,External Sources,Subsidy from other LGU’s,0,1121
2021,8,Income,External Sources,Subsidy from other LGU’s,0,1121
2021,9,Income,External Sources,Subsidy from other LGU’s,0,1121
2021,10,Income,External Sources,Subsidy from other LGU’s,0,1121
2021,11,Income,External Sources,Subsidy from other LGU’s,0,1121
2021,12,Income,External Sources,Subsidy from other LGU’s,0,1121
2021,1,Income,Internal Sources,Clearance & Certification fees,1050,1121
2021,2,Income,Internal Sources,Clearance & Certification fees,890,1121
2021,3,Income,Internal Sources,Clearance & Certification fees,1200,1121
2021,4,Income,Internal Sources,Clearance & Certification fees,960,1121
2021,5,Income,Internal Sources,Clearance & Certification fees,1120,1121
2021,6,Income,Internal Sources,Clearance & Certification fees,1030,1121
2021,7,Income,Internal Sources,Clearance & Certification fees,870,1121
2021,8,Income,Internal Sources,Clearance & Certification fees,980,1121
2021,9,Income,Internal Sources,Clearance & Certification fees,1250,1121
2021,10,Income,Internal Sources,Clearance & Certification fees,910,1121
2021,11,Income,Internal Sources,Clearance & Certification fees,760,1121
2021,12,Income,Internal Sources,Clearance & Certification fees,980,1121
2021,1,Income,Internal Sources,Other business fees/income,420,1121
2021,2,Income,Internal Sources,Other business fees/income,310,1121
2021,3,Income,Internal Sources,Other business fees/income,0,1121
2021,4,Income,Internal Sources,Other business fees/income,380,1121
2021,5,Income,Internal Sources,Other business fees/income,290,1121
2021,6,Income,Internal Sources,Other business fees/income,360,1121
2021,7,Income,Internal Sources,Other business fees/income,410,1121
2021,8,Income,Internal Sources,Other business fees/income,330,1121
2021,9,Income,Internal Sources,Other business fees/income,250,1121
2021,10,Income,Internal Sources,Other business fees/income,250,1121
2021,11,Income,Internal Sources,Other business fees/income,0,1121
2021,12,Income,Internal Sources,Other business fees/income,0,1121
2021,1,Income,External Sources,National Tax Allotment,161404.42,1121
2021,2,Income,External Sources,National Tax Allotment,161404.42,1121
2021,3,Income,External Sources,National Tax Allotment,161404.42,1121
2021,4,Income,External Sources,National Tax Allotment,161404.42,1121
2021,5,Income,External Sources,National Tax Allotment,161404.42,1121
2021,6,Income,External Sources,National Tax Allotment,161404.42,1121
2021,7,Income,External Sources,National Tax Allotment,161404.42,1121
2021,8,Income,External Sources,National Tax Allotment,161404.42,1121
2021,9,Income,External Sources,National Tax Allotment,161404.42,1121
2021,10,Income,External Sources,National Tax Allotment,161404.42,1121
2021,11,Income,External Sources,National Tax Allotment,161404.42,1121
2021,12,Income,External Sources,National Tax Allotment,161404.42,1121
2022,1,Income,Internal Sources,Rental fees,0,1135
2022,2,Income,Internal Sources,Rental fees,"1,520",1135
2022,3,Income,Internal Sources,Rental fees,"1,180",1135
2022,4,Income,Internal Sources,Rental fees,"1,340",1135
2022,5,Income,Internal Sources,Rental fees,"1,760",1135
2022,6,Income,Internal Sources,Rental fees,"1,090",1135
2022,7,Income,Internal Sources,Rental fees,"1,430",1135
2022,8,Income,Internal Sources,Rental fees,"1,250",1135
2022,9,Income,Internal Sources,Rental fees,980,1135
2022,10,Income,Internal Sources,Rental fees,"1,610",1135
2022,11,Income,Internal Sources,Rental fees,840,1135
2022,12,Income,Internal Sources,Rental fees,"1,000",1135
2022,1,Income,Internal Sources,Interest income,0,1135
2022,2,Income,Internal Sources,Interest income,0,1135
2022,3,Income,Internal Sources,Interest income,240,1135
2022,4,Income,Internal Sources,Interest income,560,1135
2022,5,Income,Internal Sources,Interest income,0,1135
2022,6,Income,Internal Sources,Interest income,630,1135
2022,7,Income,Internal Sources,Interest income,0,1135
2022,8,Income,Internal Sources,Interest income,270,1135
2022,9,Income,Internal Sources,Interest income,0,1135
2022,10,Income,Internal Sources,Interest income,0,1135
2022,11,Income,Internal Sources,Interest income,80,1135
2022,12,Income,Internal Sources,Interest income,0,1135
2022,1,Income,External Sources,Real Property Tax,"1,240",1135
2022,2,Income,External Sources,Real Property Tax,"1,080",1135
2022,3,Income,External Sources,Real Property Tax,960,1135
2022,4,Income,External Sources,Real Property Tax,"1,520",1135
2022,5,Income,External Sources,Real Property Tax,"1,300",1135
2022,6,Income,External Sources,Real Property Tax,740,1135
2022,7,Income,External Sources,Real Property Tax,"1,410",1135
2022,8,Income,External Sources,Real Property Tax,"1,060",1135
2022,9,Income,External Sources,Real Property Tax,880,1135
2022,10,Income,External Sources,Real Property Tax,"1,230",1135
2022,11,Income,External Sources,Real Property Tax,690,1135
2022,12,Income,External Sources,Real Property Tax,890,1135
2022,1,Income,External Sources,Community Tax,0,1135
2022,2,Income,External Sources,Community Tax,720,1135
2022,3,Income,External Sources,Community Tax,450,1135
2022,4,Income,External Sources,Community Tax,0,1135
2022,5,Income,External Sources,Community Tax,680,1135
2022,6,Income,External Sources,Community Tax,540,1135
2022,7,Income,External Sources,Community Tax,390,1135
2022,8,Income,External Sources,Community Tax,760,1135
2022,9,Income,External Sources,Community Tax,0,1135
2022,10,Income,External Sources,Community Tax,610,1135
2022,11,Income,External Sources,Community Tax,430,1135
2022,12,Income,External Sources,Community Tax,420,1135
2022,1,Income,External Sources,Subsidy from other LGU’s,0,1135
2022,2,Income,External Sources,Subsidy from other LGU’s,0,1135
2022,3,Income,External Sources,Subsidy from other LGU’s,0,1135
2022,4,Income,External Sources,Subsidy from other LGU’s,0,1135
2022,5,Income,External Sources,Subsidy from other LGU’s,0,1135
2022,6,Income,External Sources,Subsidy from other LGU’s,0,1135
2022,7,Income,External Sources,Subsidy from other LGU’s,25000,1135
2022,8,Income,External Sources,Subsidy from other LGU’s,0,1135
2022,9,Income,External Sources,Subsidy from other LGU’s,0,1135
2022,10,Income,External Sources,Subsidy from other LGU’s,0,1135
2022,11,Income,External Sources,Subsidy from other LGU’s,0,1135
2022,12,Income,External Sources,Subsidy from other LGU’s,0,1135
2022,1,Income,Internal Sources,Clearance & Certification fees,"1,420",1135
2022,2,Income,Internal Sources,Clearance & Certification fees,"1,180",1135
2022,3,Income,Internal Sources,Clearance & Certification fees,960,1135
2022,4,Income,Internal Sources,Clearance & Certification fees,"1,610",1135
2022,5,Income,Internal Sources,Clearance & Certification fees,"1,350",1135
2022,6,Income,Internal Sources,Clearance & Certification fees,"1,780",1135
2022,7,Income,Internal Sources,Clearance & Certification fees,"1,040",1135
2022,8,Income,Internal Sources,Clearance & Certification fees,"1,230",1135
2022,9,Income,Internal Sources,Clearance & Certification fees,870,1135
2022,10,Income,Internal Sources,Clearance & Certification fees,"1,560",1135
2022,11,Income,Internal Sources,Clearance & Certification fees,640,1135
2022,12,Income,Internal Sources,Clearance & Certification fees,980,1135
2022,1,Income,Internal Sources,Other business fees/income,600,1135
2022,2,Income,Internal Sources,Other business fees/income,450,1135
2022,3,Income,Internal Sources,Other business fees/income,520,1135
2022,4,Income,Internal Sources,Other business fees/income,700,1135
2022,5,Income,Internal Sources,Other business fees/income,0,1135
2022,6,Income,Internal Sources,Other business fees/income,560,1135
2022,7,Income,Internal Sources,Other business fees/income,430,1135
2022,8,Income,Internal Sources,Other business fees/income,510,1135
2022,9,Income,Internal Sources,Other business fees/income,0,1135
2022,10,Income,Internal Sources,Other business fees/income,550,1135
2022,11,Income,Internal Sources,Other business fees/income,380,1135
2022,12,Income,Internal Sources,Other business fees/income,900,1135
2022,1,Income,External Sources,National Tax Allotment,220290.33,1135
2022,2,Income,External Sources,National Tax Allotment,220290.33,1135
2022,3,Income,External Sources,National Tax Allotment,220290.33,1135
2022,4,Income,External Sources,National Tax Allotment,220290.33,1135
2022,5,Income,External Sources,National Tax Allotment,220290.33,1135
2022,6,Income,External Sources,National Tax Allotment,220290.33,1135
2022,7,Income,External Sources,National Tax Allotment,220290.33,1135
2022,8,Income,External Sources,National Tax Allotment,220290.33,1135
2022,9,Income,External Sources,National Tax Allotment,220290.33,1135
2022,10,Income,External Sources,National Tax Allotment,220290.33,1135
2022,11,Income,External Sources,National Tax Allotment,220290.33,1135
2022,12,Income,External Sources,National Tax Allotment,220290.33,1135
2023,1,Income,Internal Sources,Rental fees,"1,960",1155
2023,2,Income,Internal Sources,Rental fees,"1,720",1155
2023,3,Income,Internal Sources,Rental fees,"1,480",1155
2023,4,Income,Internal Sources,Rental fees,"2,150",1155
2023,5,Income,Internal Sources,Rental fees,"1,890",1155
2023,6,Income,Internal Sources,Rental fees,"1,630",1155
2023,7,Income,Internal Sources,Rental fees,"1,740",1155
2023,8,Income,Internal Sources,Rental fees,"1,560",1155
2023,9,Income,Internal Sources,Rental fees,"1,910",1155
2023,10,Income,Internal Sources,Rental fees,"1,350",1155
2023,11,Income,Internal Sources,Rental fees,"1,820",1155
2023,12,Income,Internal Sources,Rental fees,"1,190",1155
2023,1,Income,Internal Sources,Interest income,0,1155
2023,2,Income,Internal Sources,Interest income,0,1155
2023,3,Income,Internal Sources,Interest income,0,1155
2023,4,Income,Internal Sources,Interest income,260,1155
2023,5,Income,Internal Sources,Interest income,0,1155
2023,6,Income,Internal Sources,Interest income,410,1155
2023,7,Income,Internal Sources,Interest income,0,1155
2023,8,Income,Internal Sources,Interest income,330,1155
2023,9,Income,Internal Sources,Interest income,0,1155
2023,10,Income,Internal Sources,Interest income,0,1155
2023,11,Income,Internal Sources,Interest income,0,1155
2023,12,Income,Internal Sources,Interest income,0,1155
2023,1,Income,External Sources,Real Property Tax,"1,210",1155
2023,2,Income,External Sources,Real Property Tax,980,1155
2023,3,Income,External Sources,Real Property Tax,"1,460",1155
2023,4,Income,External Sources,Real Property Tax,"1,120",1155
2023,5,Income,External Sources,Real Property Tax,"1,370",1155
2023,6,Income,External Sources,Real Property Tax,890,1155
2023,7,Income,External Sources,Real Property Tax,"1,540",1155
2023,8,Income,External Sources,Real Property Tax,760,1155
2023,9,Income,External Sources,Real Property Tax,"1,280",1155
2023,10,Income,External Sources,Real Property Tax,"1,150",1155
2023,11,Income,External Sources,Real Property Tax,840,1155
2023,12,Income,External Sources,Real Property Tax,900,1155
2023,1,Income,External Sources,Community Tax,0,1155
2023,2,Income,External Sources,Community Tax,820,1155
2023,3,Income,External Sources,Community Tax,690,1155
2023,4,Income,External Sources,Community Tax,0,1155
2023,5,Income,External Sources,Community Tax,740,1155
2023,6,Income,External Sources,Community Tax,610,1155
2023,7,Income,External Sources,Community Tax,880,1155
2023,8,Income,External Sources,Community Tax,0,1155
2023,9,Income,External Sources,Community Tax,560,1155
2023,10,Income,External Sources,Community Tax,710,1155
2023,11,Income,External Sources,Community Tax,490,1155
2023,12,Income,External Sources,Community Tax,0,1155
2023,1,Income,External Sources,Subsidy from other LGU’s,0,1155
2023,2,Income,External Sources,Subsidy from other LGU’s,0,1155
2023,3,Income,External Sources,Subsidy from other LGU’s,0,1155
2023,4,Income,External Sources,Subsidy from other LGU’s,0,1155
2023,5,Income,External Sources,Subsidy from other LGU’s,25000,1155
2023,6,Income,External Sources,Subsidy from other LGU’s,0,1155
2023,7,Income,External Sources,Subsidy from other LGU’s,0,1155
2023,8,Income,External Sources,Subsidy from other LGU’s,0,1155
2023,9,Income,External Sources,Subsidy from other LGU’s,0,1155
2023,10,Income,External Sources,Subsidy from other LGU’s,0,1155
2023,11,Income,External Sources,Subsidy from other LGU’s,0,1155
2023,12,Income,External Sources,Subsidy from other LGU’s,0,1155
2023,1,Income,Internal Sources,Clearance & Certification fees,"1,420",1155
2023,2,Income,Internal Sources,Clearance & Certification fees,"1,680",1155
2023,3,Income,Internal Sources,Clearance & Certification fees,"1,150",1155
2023,4,Income,Internal Sources,Clearance & Certification fees,"1,390",1155
2023,5,Income,Internal Sources,Clearance & Certification fees,"1,780",1155
2023,6,Income,Internal Sources,Clearance & Certification fees,"1,260",1155
2023,7,Income,Internal Sources,Clearance & Certification fees,"1,040",1155
2023,8,Income,Internal Sources,Clearance & Certification fees,"1,530",1155
2023,9,Income,Internal Sources,Clearance & Certification fees,"1,110",1155
2023,10,Income,Internal Sources,Clearance & Certification fees,"1,870",1155
2023,11,Income,Internal Sources,Clearance & Certification fees,1760,1155
2023,12,Income,Internal Sources,Clearance & Certification fees,"1,010",1155
2023,1,Income,Internal Sources,Other business fees/income,0,1155
2023,2,Income,Internal Sources,Other business fees/income,520,1155
2023,3,Income,Internal Sources,Other business fees/income,780,1155
2023,4,Income,Internal Sources,Other business fees/income,640,1155
2023,5,Income,Internal Sources,Other business fees/income,450,1155
2023,6,Income,Internal Sources,Other business fees/income,710,1155
2023,7,Income,Internal Sources,Other business fees/income,560,1155
2023,8,Income,Internal Sources,Other business fees/income,380,1155
2023,9,Income,Internal Sources,Other business fees/income,820,1155
2023,10,Income,Internal Sources,Other business fees/income,420,1155
2023,11,Income,Internal Sources,Other business fees/income,720,1155
2023,12,Income,Internal Sources,Other business fees/income,0,1155
2023,1,Income,External Sources,National Tax Allotment,188820.83,1155
2023,2,Income,External Sources,National Tax Allotment,188820.83,1155
2023,3,Income,External Sources,National Tax Allotment,188820.83,1155
2023,4,Income,External Sources,National Tax Allotment,188820.83,1155
2023,5,Income,External Sources,National Tax Allotment,188820.83,1155
2023,6,Income,External Sources,National Tax Allotment,188820.83,1155
2023,7,Income,External Sources,National Tax Allotment,188820.83,1155
2023,8,Income,External Sources,National Tax Allotment,188820.83,1155
2023,9,Income,External Sources,National Tax Allotment,188820.83,1155
2023,10,Income,External Sources,National Tax Allotment,188820.83,1155
2023,11,Income,External Sources,National Tax Allotment,188820.83,1155
2023,12,Income,External Sources,National Tax Allotment,188820.83,1155
2024,1,Income,Internal Sources,Rental fees,"1,920",1170
2024,2,Income,Internal Sources,Rental fees,"1,650",1170
2024,3,Income,Internal Sources,Rental fees,"1,740",1170
2024,4,Income,Internal Sources,Rental fees,"1,380",1170
2024,5,Income,Internal Sources,Rental fees,"1,980",1170
2024,6,Income,Internal Sources,Rental fees,"1,560",1170
2024,7,Income,Internal Sources,Rental fees,"1,310",1170
2024,8,Income,Internal Sources,Rental fees,"1,860",1170
2024,9,Income,Internal Sources,Rental fees,"1,470",1170
2024,10,Income,Internal Sources,Rental fees,"2,250",1170
2024,11,Income,Internal Sources,Rental fees,"1,690",1170
2024,12,Income,Internal Sources,Rental fees,"1,590",1170
2024,1,Income,Internal Sources,Interest income,0,1170
2024,2,Income,Internal Sources,Interest income,120,1170
2024,3,Income,Internal Sources,Interest income,180,1170
2024,4,Income,Internal Sources,Interest income,0,1170
2024,5,Income,Internal Sources,Interest income,160,1170
2024,6,Income,Internal Sources,Interest income,140,1170
2024,7,Income,Internal Sources,Interest income,0,1170
2024,8,Income,Internal Sources,Interest income,200,1170
2024,9,Income,Internal Sources,Interest income,90,1170
2024,10,Income,Internal Sources,Interest income,0,1170
2024,11,Income,Internal Sources,Interest income,110,1170
2024,12,Income,Internal Sources,Interest income,0,1170
2024,1,Income,External Sources,Real Property Tax,"1,120",1170
2024,2,Income,External Sources,Real Property Tax,980,1170
2024,3,Income,External Sources,Real Property Tax,"1,360",1170
2024,4,Income,External Sources,Real Property Tax,"1,070",1170
2024,5,Income,External Sources,Real Property Tax,"1,540",1170
2024,6,Income,External Sources,Real Property Tax,890,1170
2024,7,Income,External Sources,Real Property Tax,"1,230",1170
2024,8,Income,External Sources,Real Property Tax,760,1170
2024,9,Income,External Sources,Real Property Tax,"1,410",1170
2024,10,Income,External Sources,Real Property Tax,820,1170
2024,11,Income,External Sources,Real Property Tax,930,1170
2024,12,Income,External Sources,Real Property Tax,890,1170
2024,1,Income,External Sources,Community Tax,0,1170
2024,2,Income,External Sources,Community Tax,720,1170
2024,3,Income,External Sources,Community Tax,640,1170
2024,4,Income,External Sources,Community Tax,0,1170
2024,5,Income,External Sources,Community Tax,860,1170
2024,6,Income,External Sources,Community Tax,710,1170
2024,7,Income,External Sources,Community Tax,590,1170
2024,8,Income,External Sources,Community Tax,480,1170
2024,9,Income,External Sources,Community Tax,0,1170
2024,10,Income,External Sources,Community Tax,930,1170
2024,11,Income,External Sources,Community Tax,570,1170
2024,12,Income,External Sources,Community Tax,0,1170
2024,1,Income,External Sources,Subsidy from other LGU’s,0,1170
2024,2,Income,External Sources,Subsidy from other LGU’s,0,1170
2024,3,Income,External Sources,Subsidy from other LGU’s,0,1170
2024,4,Income,External Sources,Subsidy from other LGU’s,25000,1170
2024,5,Income,External Sources,Subsidy from other LGU’s,0,1170
2024,6,Income,External Sources,Subsidy from other LGU’s,0,1170
2024,7,Income,External Sources,Subsidy from other LGU’s,0,1170
2024,8,Income,External Sources,Subsidy from other LGU’s,0,1170
2024,9,Income,External Sources,Subsidy from other LGU’s,0,1170
2024,10,Income,External Sources,Subsidy from other LGU’s,0,1170
2024,11,Income,External Sources,Subsidy from other LGU’s,0,1170
2024,12,Income,External Sources,Subsidy from other LGU’s,0,1170
2024,1,Income,Internal Sources,Clearance & Certification fees,1500,1170
2024,2,Income,Internal Sources,Clearance & Certification fees,1320,1170
2024,3,Income,Internal Sources,Clearance & Certification fees,1680,1170
2024,4,Income,Internal Sources,Clearance & Certification fees,1400,1170
2024,5,Income,Internal Sources,Clearance & Certification fees,1250,1170
2024,6,Income,Internal Sources,Clearance & Certification fees,1550,1170
2024,7,Income,Internal Sources,Clearance & Certification fees,1720,1170
2024,8,Income,Internal Sources,Clearance & Certification fees,1480,1170
2024,9,Income,Internal Sources,Clearance & Certification fees,1600,1170
2024,10,Income,Internal Sources,Clearance & Certification fees,1430,1170
2024,11,Income,Internal Sources,Clearance & Certification fees,1270,1170
2024,12,Income,Internal Sources,Clearance & Certification fees,800,1170
2024,1,Income,Internal Sources,Other business fees/income,420,1170
2024,2,Income,Internal Sources,Other business fees/income,510,1170
2024,3,Income,Internal Sources,Other business fees/income,880,1170
2024,4,Income,Internal Sources,Other business fees/income,560,1170
2024,5,Income,Internal Sources,Other business fees/income,470,1170
2024,6,Income,Internal Sources,Other business fees/income,520,1170
2024,7,Income,Internal Sources,Other business fees/income,310,1170
2024,8,Income,Internal Sources,Other business fees/income,690,1170
2024,9,Income,Internal Sources,Other business fees/income,450,1170
2024,10,Income,Internal Sources,Other business fees/income,330,1170
2024,11,Income,Internal Sources,Other business fees/income,390,1170
2024,12,Income,Internal Sources,Other business fees/income,470,1170
2024,1,Income,Internal Sources,Brgy. Water System Income,"13,400",1170
2024,2,Income,Internal Sources,Brgy. Water System Income,"12,200",1170
2024,3,Income,Internal Sources,Brgy. Water System Income,"14,100",1170
2024,4,Income,Internal Sources,Brgy. Water System Income,"11,800",1170
2024,5,Income,Internal Sources,Brgy. Water System Income,"13,900",1170
2024,6,Income,Internal Sources,Brgy. Water System Income,"10,600",1170
2024,7,Income,Internal Sources,Brgy. Water System Income,"12,900",1170
2024,8,Income,Internal Sources,Brgy. Water System Income,"11,500",1170
2024,9,Income,Internal Sources,Brgy. Water System Income,"10,400",1170
2024,10,Income,Internal Sources,Brgy. Water System Income,"9,800",1170
2024,11,Income,Internal Sources,Brgy. Water System Income,"12,300",1170
2024,12,Income,Internal Sources,Brgy. Water System Income,"11,100",1170
2024,1,Income,External Sources,National Tax Allotment,200267.5,1170
2024,2,Income,External Sources,National Tax Allotment,200267.5,1170
2024,3,Income,External Sources,National Tax Allotment,200267.5,1170
2024,4,Income,External Sources,National Tax Allotment,200267.5,1170
2024,5,Income,External Sources,National Tax Allotment,200267.5,1170
2024,6,Income,External Sources,National Tax Allotment,200267.5,1170
2024,7,Income,External Sources,National Tax Allotment,200267.5,1170
2024,8,Income,External Sources,National Tax Allotment,200267.5,1170
2024,9,Income,External Sources,National Tax Allotment,200267.5,1170
2024,10,Income,External Sources,National Tax Allotment,200267.5,1170
2024,11,Income,External Sources,National Tax Allotment,200267.5,1170
2024,12,Income,External Sources,National Tax Allotment,200267.5,1170
2025,1,Income,Internal Sources,Rental fees,1750,1182
2025,2,Income,Internal Sources,Rental fees,1380,1182
2025,3,Income,Internal Sources,Rental fees,1960,1182
2025,4,Income,Internal Sources,Rental fees,1310,1182
2025,5,Income,Internal Sources,Rental fees,1420,1182
2025,6,Income,Internal Sources,Rental fees,1780,1182
2025,7,Income,Internal Sources,Rental fees,1650,1182
2025,8,Income,Internal Sources,Rental fees,1890,1182
2025,9,Income,Internal Sources,Rental fees,1240,1182
2025,10,Income,Internal Sources,Rental fees,1710,1182
2025,11,Income,Internal Sources,Rental fees,1860,1182
2025,12,Income,Internal Sources,Rental fees,2450,1182
2025,1,Income,Internal Sources,Interest income,0,1182
2025,2,Income,Internal Sources,Interest income,150,1182
2025,3,Income,Internal Sources,Interest income,0,1182
2025,4,Income,Internal Sources,Interest income,210,1182
2025,5,Income,Internal Sources,Interest income,90,1182
2025,6,Income,Internal Sources,Interest income,120,1182
2025,7,Income,Internal Sources,Interest income,0,1182
2025,8,Income,Internal Sources,Interest income,160,1182
2025,9,Income,Internal Sources,Interest income,180,1182
2025,10,Income,Internal Sources,Interest income,0,1182
2025,11,Income,Internal Sources,Interest income,90,1182
2025,12,Income,Internal Sources,Interest income,0,1182
2025,1,Income,External Sources,Real Property Tax,980,1182
2025,2,Income,External Sources,Real Property Tax,1120,1182
2025,3,Income,External Sources,Real Property Tax,1250,1182
2025,4,Income,External Sources,Real Property Tax,1430,1182
2025,5,Income,External Sources,Real Property Tax,1010,1182
2025,6,Income,External Sources,Real Property Tax,890,1182
2025,7,Income,External Sources,Real Property Tax,570,1182
2025,8,Income,External Sources,Real Property Tax,1220,1182
2025,9,Income,External Sources,Real Property Tax,1080,1182
2025,10,Income,External Sources,Real Property Tax,940,1182
2025,11,Income,External Sources,Real Property Tax,1360,1182
2025,12,Income,External Sources,Real Property Tax,1150,1182
2025,1,Income,External Sources,Community Tax,500,1182
2025,2,Income,External Sources,Community Tax,600,1182
2025,3,Income,External Sources,Community Tax,0,1182
2025,4,Income,External Sources,Community Tax,450,1182
2025,5,Income,External Sources,Community Tax,700,1182
2025,6,Income,External Sources,Community Tax,550,1182
2025,7,Income,External Sources,Community Tax,500,1182
2025,8,Income,External Sources,Community Tax,650,1182
2025,9,Income,External Sources,Community Tax,400,1182
2025,10,Income,External Sources,Community Tax,0,1182
2025,11,Income,External Sources,Community Tax,600,1182
2025,12,Income,External Sources,Community Tax,550,1182
2025,1,Income,External Sources,Subsidy from other LGU’s,0,1182
2025,2,Income,External Sources,Subsidy from other LGU’s,0,1182
2025,3,Income,External Sources,Subsidy from other LGU’s,0,1182
2025,4,Income,External Sources,Subsidy from other LGU’s,25000,1182
2025,5,Income,External Sources,Subsidy from other LGU’s,0,1182
2025,6,Income,External Sources,Subsidy from other LGU’s,0,1182
2025,7,Income,External Sources,Subsidy from other LGU’s,0,1182
2025,8,Income,External Sources,Subsidy from other LGU’s,0,1182
2025,9,Income,External Sources,Subsidy from other LGU’s,0,1182
2025,10,Income,External Sources,Subsidy from other LGU’s,0,1182
2025,11,Income,External Sources,Subsidy from other LGU’s,0,1182
2025,12,Income,External Sources,Subsidy from other LGU’s,0,1182
2025,1,Income,Internal Sources,Clearance & Certification fees,1000,1182
2025,2,Income,Internal Sources,Clearance & Certification fees,1200,1182
2025,3,Income,Internal Sources,Clearance & Certification fees,1350,1182
2025,4,Income,Internal Sources,Clearance & Certification fees,1500,1182
2025,5,Income,Internal Sources,Clearance & Certification fees,1800,1182
2025,6,Income,Internal Sources,Clearance & Certification fees,1400,1182
2025,7,Income,Internal Sources,Clearance & Certification fees,1550,1182
2025,8,Income,Internal Sources,Clearance & Certification fees,1250,1182
2025,9,Income,Internal Sources,Clearance & Certification fees,1450,1182
2025,10,Income,Internal Sources,Clearance & Certification fees,1700,1182
2025,11,Income,Internal Sources,Clearance & Certification fees,1600,1182
2025,12,Income,Internal Sources,Clearance & Certification fees,1200,1182
2025,1,Income,Internal Sources,Other business fees/income,450,1182
2025,2,Income,Internal Sources,Other business fees/income,380,1182
2025,3,Income,Internal Sources,Other business fees/income,520,1182
2025,4,Income,Internal Sources,Other business fees/income,600,1182
2025,5,Income,Internal Sources,Other business fees/income,600,1182
2025,6,Income,Internal Sources,Other business fees/income,550,1182
2025,7,Income,Internal Sources,Other business fees/income,480,1182
2025,8,Income,Internal Sources,Other business fees/income,420,1182
2025,9,Income,Internal Sources,Other business fees/income,510,1182
2025,10,Income,Internal Sources,Other business fees/income,590,1182
2025,11,Income,Internal Sources,Other business fees/income,520,1182
2025,12,Income,Internal Sources,Other business fees/income,380,1182
2025,1,Income,Internal Sources,Brgy. Water System Income,12200,1182
2025,2,Income,Internal Sources,Brgy. Water System Income,12800,1182
2025,3,Income,Internal Sources,Brgy. Water System Income,13600,1182
2025,4,Income,Internal Sources,Brgy. Water System Income,13200,1182
2025,5,Income,Internal Sources,Brgy. Water System Income,14800,1182
2025,6,Income,Internal Sources,Brgy. Water System Income,12500,1182
2025,7,Income,Internal Sources,Brgy. Water System Income,13900,1182
2025,8,Income,Internal Sources,Brgy. Water System Income,13100,1182
2025,9,Income,Internal Sources,Brgy. Water System Income,13000,1182
2025,10,Income,Internal Sources,Brgy. Water System Income,13400,1182
2025,11,Income,Internal Sources,Brgy. Water System Income,14000,1182
2025,12,Income,Internal Sources,Brgy. Water System Income,13500,1182
2025,1,Income,External Sources,National Tax Allotment,237432.67,1182
2025,2,Income,External Sources,National Tax Allotment,237432.67,1182
2025,3,Income,External Sources,National Tax Allotment,237432.67,1182
2025,4,Income,External Sources,National Tax Allotment,237432.67,1182
2025,5,Income,External Sources,National Tax Allotment,237432.67,1182
2025,6,Income,External Sources,National Tax Allotment,237432.67,1182
2025,7,Income,External Sources,National Tax Allotment,237432.67,1182
2025,8,Income,External Sources,National Tax Allotment,237432.67,1182
2025,9,Income,External Sources,National Tax Allotment,237432.67,1182
2025,10,Income,External Sources,National Tax Allotment,237432.67,1182
2025,11,Income,External Sources,National Tax Allotment,237432.67,1182
2025,12,Income,External Sources,National Tax Allotment,237432.67,1182
